<?xml version="1.0" encoding="UTF-8"?>
<project-private xmlns="http://www.netbeans.org/ns/project-private/1">
    <editor-bookmarks xmlns="http://www.netbeans.org/ns/editor-bookmarks/1"/>
    <open-files xmlns="http://www.netbeans.org/ns/projectui-open-files/1">
        <file>file:/C:/Users/Administrator/Documents/NetBeansProjects/TestBase/src/java/testBaseServlet/queryTest.java</file>
        <file>file:/C:/Users/Administrator/Documents/NetBeansProjects/TestBase/src/java/testBaseServlet/DBConn.java</file>
        <file>file:/C:/Users/Administrator/Documents/NetBeansProjects/TestBase/src/java/testBaseServlet/addFillTest.java</file>
        <file>file:/C:/Users/Administrator/Documents/NetBeansProjects/TestBase/src/java/testBaseServlet/login.java</file>
        <file>file:/C:/Users/Administrator/Documents/NetBeansProjects/TestBase/web/index.html</file>
        <file>file:/C:/Users/Administrator/Documents/NetBeansProjects/TestBase/web/user.jsp</file>
    </open-files>
</project-private>
